500
James LA 504-621-8927 jbutt@gmail.com
Josephine MI 810-292-9388 josephine_darakjy@darakjy.org
Art NJ 856-636-8749 art@venere.org
Lenna AK 907-385-4412 lpaprocki@hotmail.com
Donette OH 513-570-1893 donette.foller@cox.net
Simona OH 419-503-2484 simona@morasca.com
Mitsue IL 773-573-6914 mitsue_tollner@yahoo.com
Leota CA 408-752-3500 leota@hotmail.com
Sage SD 605-414-2147 sage_wieser@cox.net
Kris MD 410-655-8723 kris@gmail.com
Minna PA 215-874-1229 minna_amigon@yahoo.com
Abel NY 631-335-3414 amaclead@gmail.com
Kiley CA 310-498-5651 kiley.caldarera@aol.com
Graciela OH 440-780-8425 gruta@cox.net
Cammy TX 956-537-6195 calbares@gmail.com
Mattie AZ 602-277-4385 mattie@aol.com
Meaghan TN 931-313-9635 meaghan@hotmail.com
Gladys WI 414-661-9598 gladys.rim@rim.org
Yuki MI 313-288-7937 yuki_whobrey@aol.com
Fletcher IL 815-828-2147 fletcher.flosi@yahoo.com
Bette PA 610-545-3615 bette_nicka@cox.net
Veronika CA 408-540-1785 vinouye@aol.com
Willard TX 972-303-9197 willard@hotmail.com
Maryann NY 518-966-7987 mroyster@royster.com
Alisha NJ 732-658-3154 alisha@slusarski.com
Allene WI 715-662-6764 allene_iturbide@cox.net
Chanel KS 913-388-2079 chanel.caudy@caudy.org
Ezekiel MD 410-669-1642 ezekiel@chui.com
Willow NY 212-582-4976 wkusko@yahoo.com
Bernardo TX 936-336-3951 bfigeroa@aol.com
Ammie OH 614-801-9788 ammie@corrio.com
Francine NM 505-977-3911 francine_vocelka@vocelka.com
Ernie NJ 201-709-6245 ernie_stenseth@aol.com
Albina NJ 732-924-7882 albina@glick.com
Alishia NY 212-860-1579 asergi@gmail.com
Solange LA 504-979-9175 solange@shinko.com
Jose NY 212-675-8570 jose@yahoo.com
Rozella CA 805-832-6163 rozella.ostrosky@ostrosky.com
Valentine TX 210-812-9597 valentine_gillian@gmail.com
Kati KS 785-463-7829 kati.rulapaugh@hotmail.com
Youlanda OR 541-548-8197 youlanda@aol.com
Dyan KS 913-413-4604 doldroyd@aol.com
Roxane AK 907-231-4722 roxane@hotmail.com
Lavera FL 305-606-7291 lperin@perin.org
Erick AK 907-741-1044 erick.ferencz@aol.com
Fatima MN 952-768-2416 fsaylors@saylors.org
Jina MA 617-399-5124 jina_briddick@briddick.com
Kanisha CA 323-453-2780 kanisha_waycott@yahoo.com
Emerson WI 608-336-7444 emerson.bowley@bowley.org
Blair PA 215-907-9111 bmalet@yahoo.com
Brock NY 212-402-9216 bbolognia@yahoo.com
Lorrie TN 931-875-6644 lnestle@hotmail.com
Sabra SC 803-925-5213 sabra@uyetake.org
Marjory PA 610-814-5533 mmastella@mastella.com
Karl NJ 908-877-6135 karl_klonowski@yahoo.com
Tonette NY 516-968-6051 twenner@aol.com
Amber PA 215-934-8655 amber_monarrez@monarrez.org
Shenika CA 818-423-4007 shenika@gmail.com
Delmy RI 401-458-2547 delmy.ahle@hotmail.com
Deeanna PA 215-211-9589 deeanna_juhas@gmail.com
Blondell RI 401-960-8259 bpugh@aol.com
Jamal NJ 732-234-1546 jamal@vanausdal.org
Cecily TX 512-486-3817 cecily@hollack.org
Carmelina CO 303-724-7371 carmelina_lindall@lindall.com
Maurine WI 414-748-1374 maurine_yglesias@yglesias.com
Tawna NY 212-674-9610 tawna@gmail.com
Penney AK 907-797-9628 penney_weight@aol.com
Elly PA 814-393-5571 elly_morocco@gmail.com
Ilene MD 410-914-9018 ilene.eroman@hotmail.com
Vallie ID 208-862-5339 vmondella@mondella.com
Kallie CA 415-315-2761 kallie.blackwood@gmail.com
Johnetta NC 919-225-9345 johnetta_abdallah@aol.com
Bobbye CA 650-528-5783 brhym@rhym.com
Micaela CA 925-647-3298 micaela_rhymes@gmail.com
Tamar OH 740-343-8575 tamar@hotmail.com
Moon NY 585-866-8313 moon@yahoo.com
Laurel MD 410-520-4832 laurel_reitler@reitler.com
Delisa NJ 973-354-2040 delisa.crupi@crupi.com
Viva IL 773-446-5569 viva.toelkes@gmail.com
Elza NJ 973-927-3447 elza@yahoo.com
Devorah NM 505-975-8559 devorah@hotmail.com
Timothy NY 718-332-6527 timothy_mulqueen@mulqueen.org
Arlette FL 904-775-4480 ahoneywell@honeywell.com
Dominque CA 510-993-3758 dominque.dickerson@dickerson.org
Lettie OH 216-657-7668 lettie_isenhower@yahoo.com
Myra TX 817-914-7518 mmunns@cox.net
Stephaine CA 310-774-7643 stephaine@barfield.com
Lai IL 847-728-7286 lai.gato@gato.org
Stephen OH 330-537-5358 stephen_emigh@hotmail.com
Tyra PA 215-255-1641 tshields@gmail.com
Tammara CA 650-803-1936 twardrip@cox.net
Cory CA 626-572-1096 cory.gibes@gmail.com
Danica TX 254-782-8569 danica_bruschke@gmail.com
Wilda AK 907-870-5536 wilda@cox.net
Elvera CA 408-703-8505 elvera.benimadho@cox.net
Carma CA 510-503-7169 carma@cox.net
Malinda IN 317-722-5066 malinda.hochard@yahoo.com
Natalie WY 307-704-8713 natalie.fern@hotmail.com
Lisha VA 703-235-3937 lisha@centini.org
Arlene LA 504-710-5840 arlene_klusman@gmail.com
Alease CO 303-301-4946 alease@buemi.com
Louisa CA 510-828-7047 louisa@cronauer.com
Angella HI 808-892-7943 angella.cetta@hotmail.com
Cyndy MN 952-334-9408 cgoldammer@cox.net
Rosio NC 336-243-5659 rosio.cork@gmail.com
Celeste NY 516-509-2347 ckorando@hotmail.com
Twana OR 503-939-3153 twana.felger@felger.org
Estrella WI 608-976-7199 estrella@aol.com
Donte MA 508-429-8576 dkines@hotmail.com
Tiffiny FL 305-385-9695 tiffiny_steffensmeier@cox.net
Edna PA 814-460-2655 emiceli@miceli.org
Sue TX 972-666-3413 sue@aol.com
Jesusa TN 931-273-8709 jshin@shin.com
Rolland NJ 973-649-2922 rolland@cox.net
Pamella FL 305-420-8970 pamella.schmierer@schmierer.org
Glory MD 410-224-9462 gkulzer@kulzer.org
Shawna CA 805-275-3566 shawna_palaspas@palaspas.org
Brandon HI 808-215-6832 brandon_callaro@hotmail.com
Scarlet GA 229-735-3378 scarlet.cartan@yahoo.com
Oretha MA 617-418-5043 oretha_menter@yahoo.com
Ty NJ 201-672-1553 tsmith@aol.com
Xuan CA 650-933-5072 xuan@gmail.com
Lindsey CA 909-639-9887 lindsey.dilello@hotmail.com
Devora CA 510-955-3016 devora_perez@perez.org
Herman NY 518-497-2940 hdemesa@cox.net
Rory PA 570-867-7489 rpapasergi@cox.net
Talia NJ 973-245-2133 talia_riopelle@aol.com
Van NJ 908-409-2890 van.shire@shire.com
Lucina FL 321-749-4981 lucina_lary@cox.net
Bok NY 718-809-3762 bok.isaacs@aol.com
Rolande HI 808-315-3077 rolande.spickerman@spickerman.com
Howard CO 303-623-4241 hpaulas@gmail.com
Kimbery NJ 973-310-1634 kimbery_madarang@cox.net
Thurman NJ 609-524-3586 thurman.manno@yahoo.com
Becky NJ 908-877-8409 becky.mirafuentes@mirafuentes.com
Beatriz MA 508-584-4279 beatriz@yahoo.com
Marti IL 773-775-4522 marti.maybury@yahoo.com
Nieves OR 503-527-5274 nieves_gotter@gmail.com
Leatha TX 214-339-1809 lhagele@cox.net
Valentin IL 312-303-5453 vklimek@klimek.org
Melissa OH 419-939-3613 melissa@cox.net
Sheridan CA 951-645-3605 sheridan.zane@zane.com
Bulah TX 254-463-4368 bulah_padilla@hotmail.com
Audra TN 615-406-7854 audra@kohnert.com
Daren WI 414-959-2540 dweirather@aol.com
Fernanda MD 410-387-5260 fjillson@aol.com
Gearldine TX 972-934-6914 gearldine_gellinger@gellinger.com
Chau CA 310-560-8022 chau@gmail.com
Theola NY 516-948-5768 theola_frey@frey.com
Cheryl NJ 609-518-7697 cheryl@haroldson.org
Laticia OH 513-508-7371 lmerced@gmail.com
Carissa OR 541-326-4074 carissa.batman@yahoo.com
Lezlie NC 919-533-3762 lezlie.craghead@craghead.org
Ozell NY 212-332-8435 oshealy@hotmail.com
Arminda AZ 602-906-9419 arminda@parvis.com
Reita IN 317-234-1135 reita.leto@gmail.com
Yolando NY 315-304-4759 yolando@cox.net
Lizette NJ 856-487-5412 lizette.stem@aol.com
Gregoria NY 516-212-1915 gpawlowicz@yahoo.com
Carin AR 501-308-1040 cdeleo@deleo.com
Chantell MN 651-591-2583 chantell@yahoo.com
Dierdre PA 215-325-3042 dyum@yahoo.com
Larae LA 985-890-7262 larae_gudroe@gmail.com
Latrice NY 631-957-7624 latrice.tolfree@hotmail.com
Kerry CA 916-591-3277 kerry.theodorov@gmail.com
Dorthy ID 208-649-2373 dhidvegi@yahoo.com
Fannie TX 512-587-5746 fannie.lungren@yahoo.com
Evangelina PA 215-964-3284 evangelina@aol.com
Novella HI 808-477-4775 novella_degroot@degroot.org
Clay NV 775-501-8109 choa@hoa.org
Jennifer IL 847-979-9545 jfallick@yahoo.com
Irma NJ 973-545-7355 irma.wolfgramm@hotmail.com
Eun SC 864-256-3620 eun@yahoo.com
Sylvia MD 410-209-9545 sylvia_cousey@cousey.org
Nana NY 914-855-2115 nana@aol.com
Layla NY 212-260-3151 layla.springe@cox.net
Joesph CA 510-677-9785 joesph_degonia@degonia.org
Annabelle MA 978-697-6263 annabelle.boord@cox.net
Stephaine CA 415-767-6596 stephaine@cox.net
Nelida NJ 201-971-1638 nelida@gmail.com
Marguerita CA 925-634-7158 marguerita.hiatt@gmail.com
Carmela IL 773-494-4195 ccookey@cookey.org
Junita NJ 973-943-3423 jbrideau@aol.com
Claribel OH 419-544-4900 claribel_varriano@cox.net
Benton CA 310-579-2907 benton.skursky@aol.com
Hillary FL 352-242-2570 hillary.skulski@aol.com
Merilyn CA 408-758-5015 merilyn_bayless@cox.net
Teri PA 570-889-5187 tennaco@gmail.com
Merlyn NJ 201-588-7810 merlyn_lawler@hotmail.com
Georgene CA 925-615-5185 gmontezuma@cox.net
Jettie NJ 908-802-3564 jmconnell@hotmail.com
Lemuel NY 631-748-6479 lemuel.latzke@gmail.com
Melodie CA 805-690-1682 mknipp@gmail.com
Candida NJ 908-275-8357 candida_corbley@hotmail.com
Karan OR 503-940-8327 karan_karpin@gmail.com
Andra OR 503-516-2189 andra@gmail.com
Felicidad NJ 856-305-9731 fpoullion@poullion.com
Belen GA 770-507-8791 belen_strassner@aol.com
Gracia FL 904-235-3633 gracia@melnyk.com
Jolanda ME 207-458-9196 jhanafan@gmail.com
Barrett TX 817-765-5781 barrett.toyama@toyama.org
Helga NY 716-752-4114 helga_fredicks@yahoo.com
Ashlyn FL 305-670-9628 apinilla@cox.net
Fausto NY 212-313-1783 fausto_agramonte@yahoo.com
Ronny PA 215-605-7570 ronny.caiafa@caiafa.org
Marge FL 850-430-1663 marge@gmail.com
Norah CA 415-306-7897 norah.waymire@gmail.com
Aliza CA 408-504-3552 aliza@aol.com
Mozell CA 650-947-1215 mpelkowski@pelkowski.org
Viola CA 818-864-4875 viola@gmail.com
Franklyn PA 215-558-8189 femard@emard.com
Willodean LA 337-253-8384 willodean_konopacki@konopacki.org
Beckie MI 313-533-4884 beckie.silvestrini@silvestrini.com
Rebecka TX 512-213-8574 rgesick@gesick.org
Frederica TX 214-428-2285 frederica_blunk@gmail.com
Glen WA 206-697-5796 glen_bartolet@hotmail.com
Freeman PA 610-476-3501 freeman_gochal@aol.com
Vincent PA 215-372-1718 vincent.meinerding@hotmail.com
Rima CA 310-858-5079 rima@cox.net
Glendora CA 707-653-8214 gsarbacher@gmail.com
Avery FL 407-808-9439 avery@cox.net
Cristy CA 760-971-4322 cristy@lother.com
Nicolette MA 508-837-9230 nicolette_brossart@brossart.com
Tracey TX 936-264-9294 tracey@hotmail.com
Virgina WI 414-214-8697 virgina_tegarden@tegarden.com
Tiera CA 626-636-4117 tfrankel@aol.com
Alaine NY 914-300-9193 alaine_bergesen@cox.net
Earleen TX 214-289-1973 earleen_mai@cox.net
Leonida MS 228-235-5615 leonida@gobern.org
Ressie FL 305-604-8981 ressie.auffrey@yahoo.com
Justine NY 212-304-9225 jmugnolo@yahoo.com
Eladia NJ 201-474-4924 eladia@saulter.com
Chaya MI 734-928-5182 chaya@malvin.com
Gwenn NY 631-258-6558 gwenn_suffield@suffield.org
Salena OH 330-791-8557 skarpel@cox.net
Yoko CT 203-506-4706 yoko@fishburne.com
Taryn VA 703-322-4041 taryn.moyd@hotmail.com
Katina MA 978-626-2978 katina_polidori@aol.com
Rickie OH 419-693-1334 rickie.plumer@aol.com
Alex WA 253-660-7821 alex@loader.com
Lashon CA 916-741-7884 lashon@aol.com
Lauran WY 307-342-7795 lburnard@burnard.com
Ceola ME 207-627-7565 ceola.setter@setter.org
My PA 215-491-5633 my@hotmail.com
Lorrine FL 813-769-2939 lorrine.worlds@worlds.com
Peggie CA 619-608-1763 peggie@cox.net
Marvel TX 979-718-8968 mraymo@yahoo.com
Daron IL 847-233-3075 daron_dinos@cox.net
An NJ 609-228-5265 an_fritz@hotmail.com
Portia NJ 908-722-7128 portia.stimmel@aol.com
Rhea NY 718-560-9537 rhea_aredondo@cox.net
Benedict MO 314-787-1588 bsama@cox.net
Alyce CA 209-317-1801 alyce@arias.org
Heike NJ 973-936-5095 heike@gmail.com
Carey IN 317-578-2453 carey_dopico@dopico.org
Dottie WA 206-540-6076 dottie@hellickson.org
Deandrea NC 336-822-7652 deandrea@yahoo.com
Kimberlie KS 785-629-8542 kimberlie_duenas@yahoo.com
Martina FL 407-471-6908 martina_staback@staback.com
Skye MN 612-508-2655 skye_fillingim@yahoo.com
Jade SC 803-352-5387 jade.farrar@yahoo.com
Charlene CA 707-300-1771 charlene.hamilton@hotmail.com
Geoffrey IL 847-222-1734 geoffrey@gmail.com
Stevie CA 949-867-4077 stevie.westerbeck@yahoo.com
Pamella CO 303-404-2210 pamella@fortino.com
Harrison CT 203-801-6193 hhaufler@hotmail.com
Johnna WA 425-986-7573 jengelberg@engelberg.org
Buddy OH 440-989-5826 buddy.cloney@yahoo.com
Dalene NH 603-315-6839 dalene.riden@aol.com
Jerry FL 321-518-5938 jzurcher@zurcher.org
Haydee NY 212-792-8658 hdenooyer@denooyer.org
Joseph CA 714-584-2237 joseph_cryer@cox.net
Deonna MI 248-913-4677 deonna_kippley@hotmail.com
Raymon IN 317-825-4724 raymon.calvaresi@gmail.com
Alecia TX 940-276-7922 alecia@aol.com
Ma CT 203-721-3388 mlayous@hotmail.com
Detra MD 410-739-9277 detra@aol.com
Terrilyn LA 504-463-4384 terrilyn.rodeigues@cox.net
Salome VA 804-550-5097 slacovara@gmail.com
Garry PA 215-979-8776 garry_keetch@hotmail.com
Matthew MN 952-651-7597 mneither@yahoo.com
Theodora FL 305-936-8226 theodora.restrepo@restrepo.com
Noah WI 414-263-5287 noah.kalafatis@aol.com
Carmen NJ 732-941-2621 csweigard@sweigard.com
Lavonda ND 701-898-2154 lavonda@cox.net
Junita NV 775-638-9963 junita@aol.com
Herminia AZ 602-954-5141 herminia@nicolozakes.org
Casie TN 615-390-2251 casie.good@aol.com
Reena MD 410-351-1863 reena@hotmail.com
Mirta NY 212-870-1286 mirta_mallett@gmail.com
Cathrine TX 806-703-1435 cathrine.pontoriero@pontoriero.com
Filiberto CA 323-765-2528 ftawil@hotmail.com
Raul CA 619-509-5282 rupthegrove@yahoo.com
Sarah GA 770-732-1194 sarah.candlish@gmail.com
Lucy MA 508-769-5250 lucy@cox.net
Judy MI 269-756-7222 jaquas@aquas.com
Yvonne NJ 973-714-1721 yvonne.tjepkema@hotmail.com
Kayleigh LA 337-740-9323 kayleigh.lace@yahoo.com
Felix PA 717-491-5643 felix_hirpara@cox.net
Tresa MO 314-359-9566 tresa_sweely@hotmail.com
Kristeen TX 817-213-8851 kristeen@gmail.com
Jenelle FL 813-932-8715 jregusters@regusters.com
Renea GA 770-679-4752 renea@hotmail.com
Olive CA 760-938-6069 olive@aol.com
Ligia MI 517-906-1108 lreiber@cox.net
Christiane AZ 602-390-4944 christiane.eschberger@yahoo.com
Goldie ME 207-295-7569 goldie.schirpke@yahoo.com
Loreta MD 301-696-6420 loreta.timenez@hotmail.com
Fabiola PA 717-809-3119 fabiola.hauenstein@hauenstein.org
Amie TX 972-419-7946 amie.perigo@yahoo.com
Raina MT 406-318-1515 raina.brachle@brachle.org
Erinn NJ 973-767-3008 erinn.canlas@canlas.com
Cherry MI 248-980-6904 cherry@lietz.com
Kattie OH 216-923-3715 kattie@vonasek.org
Lilli TX 325-631-1560 lilli@aol.com
Whitley TX 817-526-4408 whitley.tomasulo@aol.com
Barbra NY 718-201-3751 badkin@hotmail.com
Hermila RI 401-893-4882 hermila_thyberg@hotmail.com
Jesusita PA 717-885-9118 jesusita.flister@hotmail.com
Caitlin RI 401-948-4982 caitlin.julia@julia.org
Roosevelt FL 305-622-4739 roosevelt.hoffis@aol.com
Helaine NJ 201-832-4168 hhalter@yahoo.com
Lorean TX 210-856-4979 lorean.martabano@hotmail.com
France NY 718-478-8504 france.buzick@yahoo.com
Justine CA 909-993-3242 jferrario@hotmail.com
Adelina OH 216-230-4892 adelina_nabours@gmail.com
Derick NY 212-304-4515 ddhamer@cox.net
Jerry VA 804-762-9576 jerry.dallen@yahoo.com
Leota GA 706-221-4243 leota.ragel@gmail.com
Jutta LA 337-515-1438 jamyot@hotmail.com
Aja NJ 973-544-2677 aja_gehrett@hotmail.com
Kirk NY 607-407-3716 kirk.herritt@aol.com
Leonora NJ 973-412-2995 leonora@yahoo.com
Winfred ID 208-252-4552 winfred_brucato@hotmail.com
Tarra CA 415-411-1775 tarra.nachor@cox.net
Corinne MA 508-942-4186 corinne@loder.org
Dulce MI 248-357-8718 dulce_labreche@yahoo.com
Kate WI 920-353-6377 kate_keneipp@yahoo.com
Kaitlyn MD 410-665-4903 kaitlyn.ogg@gmail.com
Sherita CO 719-669-1664 sherita.saras@cox.net
Lashawnda OH 419-588-8719 lstuer@cox.net
Ernest MD 301-998-9644 ernest@cox.net
Nobuko MA 508-855-9887 nobuko.halsey@yahoo.com
Lavonna VA 703-483-1970 lavonna.wolny@hotmail.com
Lashaunda MD 410-678-2473 llizama@cox.net
Mariann TX 512-223-4791 mariann.bilden@aol.com
Helene AZ 623-461-8551 helene@aol.com
Roselle OH 419-571-5920 roselle.estell@hotmail.com
Samira WA 206-311-4137 sheintzman@hotmail.com
Margart OH 513-617-2362 margart_meisel@yahoo.com
Kristofer IN 812-368-1511 kristofer.bennick@yahoo.com
Weldon IL 847-353-2156 wacuff@gmail.com
Shalon NY 718-232-2337 shalon@cox.net
Denise FL 407-446-4358 denise@patak.org
Louvenia CA 310-820-2117 louvenia.beech@beech.com
Audry FL 813-797-4816 audry.yaw@yaw.org
Kristel TX 915-452-1290 kristel.ehmann@aol.com
Vincenza CA 619-603-5125 vzepp@gmail.com
Elouise MD 301-841-5012 egwalthney@yahoo.com
Venita CA 714-523-6653 venita_maillard@gmail.com
Kasandra MO 314-732-9131 kasandra_semidey@semidey.com
Xochitl TX 512-233-1831 xdiscipio@gmail.com
Maile NC 336-670-2640 mlinahan@yahoo.com
Krissy NY 631-443-4710 krauser@cox.net
Pete NJ 201-825-2514 pdubaldi@hotmail.com
Linn TN 901-412-4381 linn_paa@paa.com
Paris GA 404-505-4445 paris@hotmail.com
Wynell CA 650-473-1262 wynell_dorshorst@dorshorst.org
Quentin MN 952-702-7993 qbirkner@aol.com
Regenia AZ 480-726-1280 regenia.kannady@cox.net
Sheron NY 718-976-8610 sheron@aol.com
Izetta GA 770-844-3447 izetta.funnell@hotmail.com
Rodolfo MN 507-210-3510 rodolfo@hotmail.com
Zona CT 203-461-1949 zona@hotmail.com
Serina IN 260-273-3725 szagen@aol.com
Paz MS 601-927-8287 paz_sahagun@cox.net
Markus MI 586-970-7380 markus@yahoo.com
Jaclyn CO 719-853-3600 jaclyn@aol.com
Cyril NY 212-745-8484 cyril_daufeldt@daufeldt.com
Gayla CA 510-686-3407 gschnitzler@gmail.com
Erick IL 773-704-9903 erick_nievas@aol.com
Jennie PA 570-218-4831 jennie@cox.net
Mitsue CA 530-986-9272 mscipione@scipione.com
Ciara NY 845-823-8877 cventura@yahoo.com
Galen OH 216-600-6111 galen@yahoo.com
Truman NJ 973-852-2736 tfeichtner@yahoo.com
Gail AK 907-435-9166 gail@kitty.com
Dalene PA 215-268-1275 dalene@schoeneck.org
Gertude OH 513-977-7043 gertude.witten@gmail.com
Lizbeth CA 310-699-1222 lizbeth@yahoo.com
Glenn IA 515-370-7348 gberray@gmail.com
Lashandra PA 610-809-1818 lashandra@yahoo.com
Lenna NC 919-623-2524 lnewville@newville.com
Laurel WA 509-695-5199 laurel@yahoo.com
Mireya NY 914-868-5965 mireya.frerking@hotmail.com
Annelle MD 410-757-1035 annelle@yahoo.com
Dean NY 516-847-4418 dean_ketelsen@gmail.com
Levi MA 508-456-4907 levi.munis@gmail.com
Sylvie OK 918-644-9555 sylvie@aol.com
Sharee MI 231-467-9978 sharee_maile@aol.com
Cordelia LA 337-566-6001 cordelia_storment@aol.com
Mollie OH 419-975-3182 mollie_mcdoniel@yahoo.com
Brett CA 619-461-9984 brett.mccullan@mccullan.com
Teddy CT 203-892-3863 teddy_pedrozo@aol.com
Tasia NJ 201-920-9002 tasia_andreason@yahoo.com
Hubert OH 330-903-1345 hubert@walthall.org
Arthur NJ 201-238-5688 arthur.farrow@yahoo.com
Vilma MI 616-737-3085 vberlanga@berlanga.com
Billye MS 601-567-5386 billye_miro@cox.net
Glenna TN 901-640-9178 glenna_slayton@cox.net
Mitzie CO 303-402-1940 mitzie_hudnall@yahoo.com
Bernardine TN 901-901-4726 bernardine_rodefer@yahoo.com
Staci CA 626-866-2339 staci_schmaltz@aol.com
Nichelle IL 773-225-9985 nichelle_meteer@meteer.com
Janine NY 718-228-5894 jrhoden@yahoo.com
Ettie WA 509-755-5393 ettie.hoopengardner@hotmail.com
Eden MD 410-890-7866 eden_jayson@yahoo.com
Lynelle NJ 973-860-8610 lynelle_auber@gmail.com
Merissa CA 562-579-6900 merissa.tomblin@gmail.com
Golda NJ 732-628-9909 golda_kaniecki@yahoo.com
Catarina NJ 973-210-3994 catarina_gleich@hotmail.com
Virgie CO 303-776-7548 vkiel@hotmail.com
Jolene VA 757-682-7116 jolene@yahoo.com
Keneth AZ 602-919-4211 keneth@yahoo.com
Rikki FL 305-968-9487 rikki@nayar.com
Elke AZ 602-896-2993 elke_sengbusch@yahoo.com
Hoa FL 386-526-7800 hoa@sarao.org
Trinidad CA 415-331-9634 trinidad_mcrae@yahoo.com
Mari CA 858-793-9684 mari_lueckenbach@yahoo.com
Selma NJ 201-991-8369 selma.husser@cox.net
Antione CA 909-430-7765 aonofrio@onofrio.com
Luisa MA 617-365-2134 ljurney@hotmail.com
Clorinda CA 760-291-5497 clorinda.heimann@hotmail.com
Dick CA 310-510-9713 dick@yahoo.com
Ahmed PA 717-528-8996 ahmed.angalich@angalich.com
Iluminada AZ 480-293-2882 iluminada.ohms@yahoo.com
Joanna FL 561-470-4574 joanna_leinenbach@hotmail.com
Caprice TN 615-246-1824 caprice@aol.com
Stephane KY 859-717-7638 stephane_myricks@cox.net
Quentin MI 734-561-6170 quentin_swayze@yahoo.com
Annmarie TX 936-751-7961 annmarie_castros@gmail.com
Shonda NJ 973-482-2430 shonda_greenbush@cox.net
Cecil NJ 201-693-3967 clapage@lapage.com
Jeanice FL 305-988-4162 jeanice.claucherty@yahoo.com
Josphine TN 931-553-9774 josphine_villanueva@villanueva.com
Daniel CA 714-771-3880 dperruzza@perruzza.com
Cassi IL 847-633-3216 cassi.wildfong@aol.com
Britt PA 215-888-3304 britt@galam.org
Adell NJ 973-654-1561 adell.lipkin@lipkin.com
Jacqueline PA 814-865-8113 jacqueline.rowling@yahoo.com
Lonny UT 801-293-9853 lonny_weglarz@gmail.com
Lonna NC 910-922-3672 lonna_diestel@gmail.com
Cristal CA 213-975-8026 cristal@cox.net
Kenneth MI 517-499-2322 kenneth.grenet@grenet.org
Elli NY 315-818-2638 emclaird@mclaird.com
Alline IN 574-656-2800 ajeanty@gmail.com
Sharika FL 407-312-1691 sharika.eanes@aol.com
Nu NJ 973-751-9003 nu@gmail.com
Daniela NJ 609-200-8577 dcomnick@cox.net
Cecilia WI 608-382-4541 cecilia_colaizzo@colaizzo.com
Leslie NY 914-861-9748 leslie@cox.net
Nan NC 336-370-5333 nan@koppinger.com
Izetta MD 410-473-1708 idewar@dewar.com
Tegan NJ 732-730-2692 tegan.arceo@arceo.org
Ruthann TX 830-258-2769 ruthann@hotmail.com
Joni IL 847-519-5906 joni_breland@cox.net
Vi NJ 732-605-4781 vrentfro@cox.net
Colette NE 402-896-5943 colette.kardas@yahoo.com
Malcolm VA 703-221-5602 malcolm_tromblay@cox.net
Ryan TX 972-558-1665 ryan@cox.net
Jess NY 212-510-4633 jess.chaffins@chaffins.org
Sharen NY 516-816-1541 sbourbon@yahoo.com
Nickolas FL 352-598-8301 nickolas_juvera@cox.net
Gary IN 317-542-6023 gary_nunlee@nunlee.org
Diane MO 816-557-9673 diane@cox.net
Roslyn MS 601-234-9632 roslyn.chavous@chavous.org
Glory TX 325-869-2649 glory@yahoo.com
Rasheeda CA 408-805-4309 rasheeda@aol.com
Alpha NJ 856-312-2629 alpha@yahoo.com
Refugia CA 510-974-8671 refugia.jacobos@jacobos.com
Shawnda FL 407-538-5106 shawnda.yori@yahoo.com
Mona WY 307-403-1488 mdelasancha@hotmail.com
Gilma NY 516-393-9967 gilma_liukko@gmail.com
Janey WI 608-967-7194 jgabisi@hotmail.com
Lili NJ 201-431-2989 lili.paskin@cox.net
Loren PA 570-648-3035 loren.asar@aol.com
Dorothy CA 858-617-7834 dorothy@cox.net
Gail CA 760-616-5388 gail_similton@similton.com
Catalina NJ 609-373-3332 catalina@hotmail.com
Lawrence RI 401-465-6432 lawrence.lorens@hotmail.com
Carlee KS 785-347-1805 carlee.boulter@hotmail.com
Thaddeus CA 916-920-3571 tankeny@ankeny.org
Jovita FL 386-248-4118 joles@gmail.com
Alesia DC 202-646-7516 alesia_hixenbaugh@hixenbaugh.org
Lai CA 415-423-3294 lai@gmail.com
Brittni ID 208-709-1235 bgillaspie@gillaspie.com
Raylene IN 574-499-1454 rkampa@kampa.org
Flo NE 308-726-2182 flo.bookamer@cox.net
Jani WA 206-711-6498 jbiddy@yahoo.com
Chauncey FL 407-413-4842 chauncey_motley@aol.com